<lineConfig version="1.0">
	<line id="0">
		<point x="299" y="600"/>
		<point x="301" y="568"/>
		<point x="302" y="528"/>
		<point x="298" y="490"/>
		<point x="287" y="449"/>
		<point x="251" y="418"/>
		<point x="201" y="365"/>
		<point x="137" y="299"/>
		<point x="119" y="255"/>
		<point x="120" y="201"/>
		<point x="150" y="150"/>
		<point x="183" y="122"/>
		<point x="234" y="96"/>
		<point x="286" y="89"/>
		<point x="328" y="81"/>
		<point x="369" y="77"/>
		<point x="388" y="56"/>
		<point x="397" y="32"/>
		<point x="395" y="0"/>
	</line>
	<line id="1">
		<point x="299" y="600"/>
		<point x="301" y="568"/>
		<point x="302" y="528"/>
		<point x="298" y="490"/>
		<point x="333" y="457"/>
		<point x="405" y="449"/>
		<point x="482" y="444"/>
		<point x="548" y="432"/>
		<point x="604" y="394"/>
		<point x="618" y="364"/>
		<point x="629" y="320"/>
		<point x="617" y="278"/>
		<point x="586" y="219"/>
		<point x="546" y="163"/>
		<point x="479" y="110"/>
		<point x="427" y="92"/>
		<point x="405" y="74"/>
		<point x="397" y="32"/>
		<point x="395" y="0"/>
	</line>
</lineConfig>