<lineConfig version="1.0">
	<line id="0">
		<point x="401" y="600"/>
		<point x="404" y="571"/>
		<point x="403" y="540"/>
		<point x="398" y="509"/>
		<point x="367" y="466"/>
		<point x="305" y="439"/>
		<point x="208" y="460"/>
		<point x="125" y="450"/>
		<point x="88" y="424"/>
		<point x="76" y="403"/>
		<point x="87" y="377"/>
		<point x="107" y="354"/>
		<point x="160" y="348"/>

		<point x="228" y="338"/>
		<point x="253" y="302"/>
		<point x="274" y="278"/>
		<point x="299" y="253"/>
		<point x="323" y="229"/>
		<point x="346" y="209"/>

		<point x="390" y="195"/>
		<point x="447" y="210"/>
		<point x="488" y="170"/>
		<point x="588" y="157"/>
		<point x="638" y="147"/>
		<point x="700" y="106"/>
	</line>
	<line id="1">
		<point x="401" y="600"/>
		<point x="404" y="571"/>
		<point x="403" y="540"/>
		<point x="398" y="509"/>
		<point x="367" y="466"/>
		
		<point x="368" y="414"/>
		<point x="375" y="387"/>
		<point x="394" y="371"/>
		<point x="430" y="362"/>
		<point x="489" y="368"/>
		<point x="555" y="371"/>
		<point x="627" y="362"/>
		<point x="646" y="336"/>
		<point x="640" y="290"/>
		<point x="592" y="270"/>
		<point x="526" y="265"/>
		<point x="487" y="252"/>
		<point x="460" y="221"/>
		<point x="472" y="187"/>
		<point x="499" y="162"/>
		<point x="536" y="155"/>
		<point x="619" y="151"/>
		<point x="675" y="122"/>
		<point x="700" y="107"/>
	</line>
	<line id="2">
		<point x="401" y="600"/>
		<point x="404" y="571"/>
		<point x="403" y="540"/>
		<point x="398" y="509"/>
		<point x="367" y="466"/>
		<point x="305" y="439"/>
		<point x="208" y="460"/>
		<point x="125" y="450"/>
		<point x="88" y="424"/>
		<point x="76" y="403"/>
		<point x="87" y="377"/>
		<point x="107" y="354"/>
		<point x="160" y="348"/>
		<point x="228" y="338"/>
		<point x="253" y="302"/>
		<point x="274" y="278"/>
		<point x="299" y="253"/>
		<point x="323" y="229"/>
		<point x="346" y="209"/>

		<point x="378" y="188"/>
		<point x="354" y="125"/>
	</line>
</lineConfig>