<playerConfig version="1.0">
	<playerBarrackLimitConfig>
		<playerBarrackLimit barrackResID="111"/>
		<playerBarrackLimit barrackResID="112"/>
		<playerBarrackLimit barrackResID="113"/>
		<playerBarrackLimit barrackResID="121"/>
		<playerBarrackLimit barrackResID="122"/>
		<playerBarrackLimit barrackResID="123"/>
		<playerBarrackLimit barrackResID="131"/>
		<playerBarrackLimit barrackResID="132"/>
		<playerBarrackLimit barrackResID="133"/>
		<playerBarrackLimit barrackResID="141"/>
		<playerBarrackLimit barrackResID="142"/>
		<playerBarrackLimit barrackResID="143"/>
		<playerBarrackLimit barrackResID="151"/>
		<playerBarrackLimit barrackResID="152"/>
		<playerBarrackLimit barrackResID="153"/>
	</playerBarrackLimitConfig>
	<playerTowerLimitConfig>
		<playerTowerLimit towerResID="111"/>
		<playerTowerLimit towerResID="112"/>
		<playerTowerLimit towerResID="121"/>
		<playerTowerLimit towerResID="122"/>
	</playerTowerLimitConfig>
	<playerScoreConfig>
		<player time="160" blood="80" score="3"/>
		<player time="200" blood="50" score="2"/>
	</playerScoreConfig>
	<playerCastleBlood value="80"/>
	<money value="5000"/>
</playerConfig>