<lineConfig version="1.0">
	<line id="0">
		<point x="700" y="354"/>
		<point x="670" y="354"/>
		<point x="588" y="361"/>
		<point x="545" y="393"/>
		<point x="504" y="431"/>
		<point x="464" y="439"/>
		<point x="411" y="422"/>
		<point x="352" y="420"/>
		<point x="282" y="431"/>
		<point x="214" y="422"/>
		<point x="179" y="392"/>
		<point x="165" y="355"/>
		<point x="175" y="311"/>
		<point x="211" y="266"/>
		<point x="261" y="248"/>
		<point x="305" y="228"/>
		<point x="326" y="195"/>
		<point x="335" y="144"/>
		<point x="334" y="113"/>
		<point x="327" y="37"/>
		<point x="324" y="0"/>
	</line>
</lineConfig>