<lineConfig version="1.0">
	<line id="0">
		<point x="0" y="479"/>
		<point x="222" y="480"/>
		<point x="259" y="453"/>
		<point x="272" y="410"/>
		<point x="253" y="369"/>
		<point x="187" y="360"/>
		<point x="144" y="321"/>
		<point x="149" y="269"/>
		<point x="203" y="244"/>
		<point x="285" y="244"/>
		<point x="337" y="232"/>
		<point x="344" y="159"/>
		<point x="313" y="127"/>
		<point x="254" y="115"/>
		<point x="235" y="70"/>
		<point x="219" y="0"/>
	</line>
	<line id="1">
		<point x="0" y="479"/>
		<point x="222" y="480"/>
		<point x="259" y="453"/>
		<point x="272" y="410"/>
		<point x="253" y="369"/>
		<point x="187" y="360"/>
		<point x="144" y="321"/>
		<point x="149" y="269"/>
		<point x="203" y="244"/>
		<point x="285" y="244"/>
		<point x="337" y="232"/>
		<point x="344" y="159"/>
		<point x="370" y="124"/>
		<point x="552" y="125"/>
		<point x="585" y="170"/>
		<point x="584" y="220"/>
		<point x="544" y="260"/>
		<point x="497" y="295"/>
		<point x="487" y="354"/>
		<point x="497" y="422"/>
		<point x="529" y="466"/>
		<point x="578" y="480"/>
		<point x="695" y="478"/>
		<point x="705" y="478"/>
		<point x="822" y="480"/>
		<point x="871" y="466"/>
		<point x="903" y="422"/>
		<point x="913" y="354"/>
		<point x="903" y="295"/>
		<point x="856" y="260"/>
		<point x="816" y="220"/>
		<point x="815" y="170"/>
		<point x="848" y="125"/>
		<point x="1030" y="124"/>
		<point x="1056" y="159"/>
		<point x="1063" y="232"/>
		<point x="1115" y="244"/>
		<point x="1197" y="244"/>
		<point x="1251" y="269"/>
		<point x="1256" y="321"/>
		<point x="1222" y="360"/>
		<point x="1147" y="369"/>
		<point x="1128" y="410"/>
		<point x="1141" y="453"/>
		<point x="1178" y="480"/>
		<point x="1400" y="479"/>
	</line>
	<line id="2">
		<point x="0" y="479"/>
		<point x="222" y="480"/>
		<point x="259" y="453"/>
		<point x="272" y="410"/>
		<point x="253" y="369"/>
		<point x="187" y="360"/>
		<point x="144" y="321"/>
		<point x="149" y="269"/>
		<point x="203" y="244"/>
		<point x="285" y="244"/>
		<point x="337" y="232"/>
		<point x="344" y="159"/>
		<point x="370" y="124"/>
		<point x="552" y="125"/>
		<point x="585" y="170"/>
		<point x="584" y="220"/>
		<point x="544" y="260"/>
		<point x="497" y="295"/>
		<point x="487" y="354"/>
		<point x="497" y="422"/>
		<point x="529" y="466"/>
		<point x="578" y="480"/>
		<point x="695" y="478"/>
		<point x="705" y="478"/>
		<point x="822" y="480"/>
		<point x="871" y="466"/>
		<point x="903" y="422"/>
		<point x="913" y="354"/>
		<point x="903" y="295"/>
		<point x="856" y="260"/>
		<point x="816" y="220"/>
		<point x="815" y="170"/>
		<point x="848" y="125"/>
		<point x="1030" y="124"/>
		<point x="1078" y="127"/>
		<point x="1146" y="115"/>
		<point x="1165" y="70"/>
		<point x="1181" y="0"/>
	</line>
	<line id="3">
		<point x="0" y="479"/>
		<point x="222" y="480"/>
		<point x="259" y="453"/>
		<point x="272" y="410"/>
		<point x="253" y="369"/>
		<point x="187" y="360"/>
		<point x="144" y="321"/>
		<point x="149" y="269"/>
		<point x="203" y="244"/>
		<point x="285" y="244"/>
		<point x="337" y="232"/>
		<point x="344" y="159"/>
		<point x="370" y="124"/>
		<point x="552" y="125"/>
		<point x="585" y="170"/>
		<point x="584" y="220"/>
		<point x="544" y="260"/>
		<point x="497" y="295"/>
		<point x="487" y="354"/>
		<point x="497" y="422"/>
		<point x="529" y="466"/>
		<point x="578" y="480"/>
		<point x="695" y="478"/>
		<point x="697" y="345"/>
	</line>
	<line id="4">
		<point x="0" y="479"/>
		<point x="222" y="480"/>
		<point x="259" y="453"/>
		<point x="272" y="410"/>
		<point x="253" y="369"/>
		<point x="187" y="360"/>
		<point x="144" y="321"/>
		<point x="149" y="269"/>
		<point x="135" y="206"/>
	</line>
</lineConfig>