<monsterConfig version="1.0">
	<monster name="Knight" type="1" resID="111" camp="1" speed="2" height="40" maxBlood="100" attackDamage="10" attackFrequency="1.5" attackRange="40" attackArea="1" moveArea="1" attackType="1" armor="50" magicResistance="50" money="20" destoryCastleBlood="1" skinUrl="monster110.swf" introduction="Armored outlays that can withstand a lot of punishment"/>
	<monster name="Knight" type="1" resID="112" camp="1" speed="2" height="40" maxBlood="150" attackDamage="15" attackFrequency="1.5" attackRange="40" attackArea="1" moveArea="1" attackType="1" armor="50" magicResistance="50" money="20" destoryCastleBlood="1" skinUrl="monster110.swf" introduction="Armored outlays that can withstand a lot of punishment"/>
	<monster name="Knight" type="1" resID="113" camp="1" speed="2" height="40" maxBlood="300" attackDamage="20" attackFrequency="1.5" attackRange="40" attackArea="1" moveArea="1" attackType="1" armor="50" magicResistance="50" money="20" destoryCastleBlood="1" skinUrl="monster110.swf" introduction="Armored outlays that can withstand a lot of punishment"/>
	<monster name="Knight" type="1" resID="114" camp="1" speed="2" height="40" maxBlood="350" attackDamage="25" attackFrequency="1.5" attackRange="40" attackArea="1" moveArea="1" attackType="1" armor="50" magicResistance="50" money="20" destoryCastleBlood="1" skinUrl="monster110.swf" introduction="Armored outlays that can withstand a lot of punishment"/>
	<monster name="Knight" type="1" resID="115" camp="1" speed="2" height="40" maxBlood="400" attackDamage="30" attackFrequency="1.5" attackRange="40" attackArea="1" moveArea="1" attackType="1" armor="50" magicResistance="50" money="20" destoryCastleBlood="1" skinUrl="monster110.swf" introduction="Armored outlays that can withstand a lot of punishment"/>

	<monster name="Mountain Giant" type="1" resID="121" camp="1" speed="0.5" height="50" maxBlood="300" attackDamage="30" attackFrequency="4" attackRange="40" attackArea="1" moveArea="1" attackType="1" armor="125" magicResistance="75" money="30" destoryCastleBlood="2" skinUrl="monster120.swf" introduction="Mountain Giants were very rare creatures that possessed incredible strength"/>
	<monster name="Mountain Giant" type="1" resID="122" camp="1" speed="0.5" height="50" maxBlood="500" attackDamage="35" attackFrequency="4" attackRange="40" attackArea="1" moveArea="1" attackType="1" armor="125" magicResistance="75" money="30" destoryCastleBlood="2" skinUrl="monster120.swf" introduction="Mountain Giants were very rare creatures that possessed incredible strength"/>
	<monster name="Mountain Giant" type="1" resID="123" camp="1" speed="0.5" height="50" maxBlood="800" attackDamage="40" attackFrequency="4" attackRange="40" attackArea="1" moveArea="1" attackType="1" armor="125" magicResistance="75" money="30" destoryCastleBlood="2" skinUrl="monster120.swf" introduction="Mountain Giants were very rare creatures that possessed incredible strength"/>
	<monster name="Mountain Giant" type="1" resID="124" camp="1" speed="0.5" height="50" maxBlood="900" attackDamage="45" attackFrequency="4" attackRange="40" attackArea="1" moveArea="1" attackType="1" armor="125" magicResistance="75" money="30" destoryCastleBlood="2" skinUrl="monster120.swf" introduction="Mountain Giants were very rare creatures that possessed incredible strength"/>
	<monster name="Mountain Giant" type="1" resID="125" camp="1" speed="0.5" height="50" maxBlood="1000" attackDamage="50" attackFrequency="4" attackRange="40" attackArea="1" moveArea="1" attackType="1" armor="125" magicResistance="75" money="30" destoryCastleBlood="2" skinUrl="monster120.swf" introduction="Mountain Giants were very rare creatures that possessed incredible strength"/>

	<monster name="Monks" type="1" resID="131" camp="1" speed="1" height="25" maxBlood="200" attackDamage="40" attackFrequency="2.5" attackRange="40" attackArea="3" moveArea="1" attackType="2" armor="100" magicResistance="75" money="40" destoryCastleBlood="3" skinUrl="monster130.swf" introduction="Monks are masters of witchcraft.The light ball on their hands can do devastating finishing moves"/>
	<monster name="Monks" type="1" resID="132" camp="1" speed="1" height="25" maxBlood="250" attackDamage="60" attackFrequency="2.5" attackRange="40" attackArea="3" moveArea="1" attackType="2" armor="100" magicResistance="75" money="40" destoryCastleBlood="3" skinUrl="monster130.swf" introduction="Monks are masters of witchcraft.The light ball on their hands can do devastating finishing moves"/>
	<monster name="Monks" type="1" resID="133" camp="1" speed="1" height="25" maxBlood="300" attackDamage="80" attackFrequency="2.5" attackRange="40" attackArea="3" moveArea="1" attackType="2" armor="100" magicResistance="75" money="40" destoryCastleBlood="3" skinUrl="monster130.swf" introduction="Monks are masters of witchcraft.The light ball on their hands can do devastating finishing moves"/>
	<monster name="Monks" type="1" resID="134" camp="1" speed="1" height="25" maxBlood="350" attackDamage="90" attackFrequency="2.5" attackRange="40" attackArea="3" moveArea="1" attackType="2" armor="100" magicResistance="75" money="40" destoryCastleBlood="3" skinUrl="monster130.swf" introduction="Monks are masters of witchcraft.The light ball on their hands can do devastating finishing moves"/>
	<monster name="Monks" type="1" resID="135" camp="1" speed="1" height="25" maxBlood="400" attackDamage="100" attackFrequency="2.5" attackRange="40" attackArea="3" moveArea="1" attackType="2" armor="100" magicResistance="75" money="40" destoryCastleBlood="3" skinUrl="monster130.swf" introduction="Monks are masters of witchcraft.The light ball on their hands can do devastating finishing moves"/>

	<monster name="Rocket Rider" type="1" resID="141" camp="1" speed="2.5" height="65" maxBlood="200" attackDamage="50" attackFrequency="3" attackRange="40" attackArea="3" moveArea="2" attackType="2" armor="100" magicResistance="150" money="50" destoryCastleBlood="4" skinUrl="monster140.swf" introduction="Half man,half machine.The Rocket Riders follow their lord's will wherever they go"/>
	<monster name="Rocket Rider" type="1" resID="142" camp="1" speed="2.5" height="65" maxBlood="350" attackDamage="60" attackFrequency="3" attackRange="40" attackArea="3" moveArea="2" attackType="2" armor="100" magicResistance="150" money="50" destoryCastleBlood="4" skinUrl="monster140.swf" introduction="Half man,half machine.The Rocket Riders follow their lord's will wherever they go"/>
	<monster name="Rocket Rider" type="1" resID="143" camp="1" speed="2.5" height="65" maxBlood="500" attackDamage="70" attackFrequency="3" attackRange="40" attackArea="3" moveArea="2" attackType="2" armor="100" magicResistance="150" money="50" destoryCastleBlood="4" skinUrl="monster140.swf" introduction="Half man,half machine.The Rocket Riders follow their lord's will wherever they go"/>
	<monster name="Rocket Rider" type="1" resID="144" camp="1" speed="2.5" height="65" maxBlood="600" attackDamage="75" attackFrequency="3" attackRange="40" attackArea="3" moveArea="2" attackType="2" armor="100" magicResistance="150" money="50" destoryCastleBlood="4" skinUrl="monster140.swf" introduction="Half man,half machine.The Rocket Riders follow their lord's will wherever they go"/>
	<monster name="Rocket Rider" type="1" resID="145" camp="1" speed="2.5" height="65" maxBlood="700" attackDamage="80" attackFrequency="3" attackRange="40" attackArea="3" moveArea="2" attackType="2" armor="100" magicResistance="150" money="50" destoryCastleBlood="4" skinUrl="monster140.swf" introduction="Half man,half machine.The Rocket Riders follow their lord's will wherever they go"/>

	<monster name="Ranger" type="1" resID="151" camp="1" speed="1.5" height="25" maxBlood="150" attackDamage="20" attackFrequency="2" attackRange="40" attackArea="3" moveArea="1" attackType="1" armor="50" magicResistance="50" money="35" destoryCastleBlood="1" skinUrl="monster150.swf" introduction="Legendary masters of the bow.They can unleash a half of arrows faster and further than any other force in the realm"/>
	<monster name="Ranger" type="1" resID="152" camp="1" speed="1.5" height="25" maxBlood="250" attackDamage="25" attackFrequency="2" attackRange="40" attackArea="3" moveArea="1" attackType="1" armor="50" magicResistance="50" money="35" destoryCastleBlood="1" skinUrl="monster150.swf" introduction="Legendary masters of the bow.They can unleash a half of arrows faster and further than any other force in the realm"/>
	<monster name="Ranger" type="1" resID="153" camp="1" speed="1.5" height="25" maxBlood="450" attackDamage="30" attackFrequency="2" attackRange="40" attackArea="3" moveArea="1" attackType="1" armor="50" magicResistance="50" money="35" destoryCastleBlood="1" skinUrl="monster150.swf" introduction="Legendary masters of the bow.They can unleash a half of arrows faster and further than any other force in the realm"/>
	<monster name="Ranger" type="1" resID="154" camp="1" speed="1.5" height="25" maxBlood="500" attackDamage="35" attackFrequency="2" attackRange="40" attackArea="3" moveArea="1" attackType="1" armor="50" magicResistance="50" money="35" destoryCastleBlood="1" skinUrl="monster150.swf" introduction="Legendary masters of the bow.They can unleash a half of arrows faster and further than any other force in the realm"/>
	<monster name="Ranger" type="1" resID="155" camp="1" speed="1.5" height="25" maxBlood="550" attackDamage="40" attackFrequency="2" attackRange="40" attackArea="3" moveArea="1" attackType="1" armor="50" magicResistance="50" money="35" destoryCastleBlood="1" skinUrl="monster150.swf" introduction="Legendary masters of the bow.They can unleash a half of arrows faster and further than any other force in the realm"/>

	<monster name="Troll" type="1" resID="211" camp="2" speed="2" height="40" maxBlood="100" attackDamage="10" attackFrequency="1.5" attackRange="40" attackArea="1" moveArea="1" attackType="2" armor="50" magicResistance="50" money="20" destoryCastleBlood="1" skinUrl="monster210.swf" introduction="Very tough warriors"/>
	<monster name="Troll" type="1" resID="212" camp="2" speed="2" height="40" maxBlood="150" attackDamage="15" attackFrequency="1.5" attackRange="40" attackArea="1" moveArea="1" attackType="2" armor="50" magicResistance="50" money="20" destoryCastleBlood="1" skinUrl="monster210.swf" introduction="Very tough warriors"/>
	<monster name="Troll" type="1" resID="213" camp="2" speed="2" height="40" maxBlood="300" attackDamage="20" attackFrequency="1.5" attackRange="40" attackArea="1" moveArea="1" attackType="2" armor="50" magicResistance="50" money="20" destoryCastleBlood="1" skinUrl="monster210.swf" introduction="Very tough warriors"/>
	<monster name="Troll" type="1" resID="214" camp="2" speed="2" height="40" maxBlood="400" attackDamage="30" attackFrequency="1.5" attackRange="40" attackArea="1" moveArea="1" attackType="2" armor="50" magicResistance="50" money="20" destoryCastleBlood="1" skinUrl="monster210.swf" introduction="Very tough warriors"/>
	<monster name="Troll" type="1" resID="215" camp="2" speed="2" height="40" maxBlood="500" attackDamage="35" attackFrequency="1.5" attackRange="40" attackArea="1" moveArea="1" attackType="2" armor="50" magicResistance="50" money="20" destoryCastleBlood="1" skinUrl="monster210.swf" introduction="Very tough warriors"/>

	<monster name="Magma Elemental" type="1" resID="221" camp="2" speed="0.5" height="50" maxBlood="300" attackDamage="30" attackFrequency="4" attackRange="40" attackArea="1" moveArea="1" attackType="1" armor="125" magicResistance="75" money="30" destoryCastleBlood="2" skinUrl="monster220.swf" introduction="Made of rock and fire,Magma Elementals are beings of death and destruction"/>
	<monster name="Magma Elemental" type="1" resID="222" camp="2" speed="0.5" height="50" maxBlood="500" attackDamage="35" attackFrequency="4" attackRange="40" attackArea="1" moveArea="1" attackType="1" armor="125" magicResistance="75" money="30" destoryCastleBlood="2" skinUrl="monster220.swf" introduction="Made of rock and fire,Magma Elementals are beings of death and destruction"/>
	<monster name="Magma Elemental" type="1" resID="223" camp="2" speed="0.5" height="50" maxBlood="800" attackDamage="40" attackFrequency="4" attackRange="40" attackArea="1" moveArea="1" attackType="1" armor="125" magicResistance="75" money="30" destoryCastleBlood="2" skinUrl="monster220.swf" introduction="Made of rock and fire,Magma Elementals are beings of death and destruction"/>
	<monster name="Magma Elemental" type="1" resID="224" camp="2" speed="0.5" height="50" maxBlood="900" attackDamage="45" attackFrequency="4" attackRange="40" attackArea="1" moveArea="1" attackType="1" armor="125" magicResistance="75" money="30" destoryCastleBlood="2" skinUrl="monster220.swf" introduction="Made of rock and fire,Magma Elementals are beings of death and destruction"/>
	<monster name="Magma Elemental" type="1" resID="225" camp="2" speed="0.5" height="50" maxBlood="1000" attackDamage="50" attackFrequency="4" attackRange="40" attackArea="1" moveArea="1" attackType="1" armor="125" magicResistance="50" money="30" destoryCastleBlood="2" skinUrl="monster220.swf" introduction="Made of rock and fire,Magma Elementals are beings of death and destruction"/>

	<monster name="Necromancer" type="1" resID="231" camp="2" speed="1" height="40" maxBlood="200" attackDamage="40" attackFrequency="2.5" attackRange="40" attackArea="3" moveArea="1" attackType="2" armor="100" magicResistance="75" money="40" destoryCastleBlood="3" skinUrl="monster230.swf" introduction="Master of the dark arts"/>
	<monster name="Necromancer" type="1" resID="232" camp="2" speed="1" height="40" maxBlood="250" attackDamage="60" attackFrequency="2.5" attackRange="40" attackArea="3" moveArea="1" attackType="2" armor="100" magicResistance="75" money="40" destoryCastleBlood="3" skinUrl="monster230.swf" introduction="Master of the dark arts"/>
	<monster name="Necromancer" type="1" resID="233" camp="2" speed="1" height="40" maxBlood="300" attackDamage="80" attackFrequency="2.5" attackRange="40" attackArea="3" moveArea="1" attackType="2" armor="100" magicResistance="75" money="40" destoryCastleBlood="3" skinUrl="monster230.swf" introduction="Master of the dark arts"/>
	<monster name="Necromancer" type="1" resID="234" camp="2" speed="1" height="40" maxBlood="350" attackDamage="90" attackFrequency="2.5" attackRange="40" attackArea="3" moveArea="1" attackType="2" armor="100" magicResistance="75" money="40" destoryCastleBlood="3" skinUrl="monster230.swf" introduction="Master of the dark arts"/>
	<monster name="Necromancer" type="1" resID="235" camp="2" speed="1" height="40" maxBlood="400" attackDamage="95" attackFrequency="2.5" attackRange="40" attackArea="3" moveArea="1" attackType="2" armor="100" magicResistance="75" money="40" destoryCastleBlood="3" skinUrl="monster230.swf" introduction="Master of the dark arts"/>

	<monster name="Chaos Bats" type="1" resID="241" camp="2" speed="2.5" height="80" maxBlood="200" attackDamage="50" attackFrequency="3" attackRange="40" attackArea="3" moveArea="2" attackType="2" armor="100" magicResistance="150" money="50" destoryCastleBlood="4" skinUrl="monster240.swf" introduction="Flying infernal creatures"/>
	<monster name="Chaos Bats" type="1" resID="242" camp="2" speed="2.5" height="80" maxBlood="300" attackDamage="60" attackFrequency="3" attackRange="40" attackArea="3" moveArea="2" attackType="2" armor="100" magicResistance="150" money="50" destoryCastleBlood="4" skinUrl="monster240.swf" introduction="Flying infernal creatures"/>
	<monster name="Chaos Bats" type="1" resID="243" camp="2" speed="2.5" height="80" maxBlood="400" attackDamage="70" attackFrequency="3" attackRange="40" attackArea="3" moveArea="2" attackType="2" armor="100" magicResistance="150" money="50" destoryCastleBlood="4" skinUrl="monster240.swf" introduction="Flying infernal creatures"/>
	<monster name="Chaos Bats" type="1" resID="244" camp="2" speed="2.5" height="80" maxBlood="500" attackDamage="80" attackFrequency="3" attackRange="40" attackArea="3" moveArea="2" attackType="2" armor="100" magicResistance="150" money="50" destoryCastleBlood="4" skinUrl="monster240.swf" introduction="Flying infernal creatures"/>
	<monster name="Chaos Bats" type="1" resID="245" camp="2" speed="2.5" height="80" maxBlood="550" attackDamage="85" attackFrequency="3" attackRange="40" attackArea="3" moveArea="2" attackType="2" armor="100" magicResistance="150" money="50" destoryCastleBlood="4" skinUrl="monster240.swf" introduction="Flying infernal creatures"/>

	<monster name="Shadow Archer" type="1" resID="251" camp="2" speed="1.5" height="25" maxBlood="350" attackDamage="20" attackFrequency="2" attackRange="40" attackArea="3" moveArea="1" attackType="1" armor="50" magicResistance="50" money="35" destoryCastleBlood="1" skinUrl="monster250.swf" introduction="Deadly accurate archers that will shoot at nearby soldiers in their path"/>
	<monster name="Shadow Archer" type="1" resID="252" camp="2" speed="1.5" height="25" maxBlood="400" attackDamage="25" attackFrequency="2" attackRange="40" attackArea="3" moveArea="1" attackType="1" armor="50" magicResistance="50" money="35" destoryCastleBlood="1" skinUrl="monster250.swf" introduction="Deadly accurate archers that will shoot at nearby soldiers in their path"/>
	<monster name="Shadow Archer" type="1" resID="253" camp="2" speed="1.5" height="25" maxBlood="550" attackDamage="30" attackFrequency="2" attackRange="40" attackArea="3" moveArea="1" attackType="1" armor="50" magicResistance="50" money="35" destoryCastleBlood="1" skinUrl="monster250.swf" introduction="Deadly accurate archers that will shoot at nearby soldiers in their path"/>
	<monster name="Shadow Archer" type="1" resID="254" camp="2" speed="1.5" height="25" maxBlood="650" attackDamage="35" attackFrequency="2" attackRange="40" attackArea="3" moveArea="1" attackType="1" armor="50" magicResistance="50" money="35" destoryCastleBlood="1" skinUrl="monster250.swf" introduction="Deadly accurate archers that will shoot at nearby soldiers in their path"/>
	<monster name="Shadow Archer" type="1" resID="255" camp="2" speed="1.5" height="25" maxBlood="700" attackDamage="40" attackFrequency="2" attackRange="40" attackArea="3" moveArea="1" attackType="1" armor="50" magicResistance="50" money="35" destoryCastleBlood="1" skinUrl="monster250.swf" introduction="Deadly accurate archers that will shoot at nearby soldiers in their path"/>

	<monster name="" type="2" resID="901" camp="2" speed="0.2" height="100" maxBlood="18000" attackDamage="400" attackFrequency="10" attackRange="100" attackArea="3" moveArea="1" attackType="3" armor="300" magicResistance="300" money="10000" destoryCastleBlood="999" skinUrl="monster901.swf" introduction=""/>
	<monster name="" type="2" resID="902" camp="2" speed="0.4" height="100" maxBlood="2000" attackDamage="200" attackFrequency="10" attackRange="100" attackArea="3" moveArea="1" attackType="3" armor="150" magicResistance="150" money="2000" destoryCastleBlood="999" skinUrl="monster902.swf" introduction=""/>
	<monster name="" type="2" resID="903" camp="2" speed="0.3" height="100" maxBlood="5000" attackDamage="300" attackFrequency="10" attackRange="100" attackArea="3" moveArea="1" attackType="3" armor="200" magicResistance="200" money="5000" destoryCastleBlood="999" skinUrl="monster903.swf" introduction=""/>

	<monster name="" type="3" resID="801" camp="2" speed="2.5" height="32" maxBlood="100" attackDamage="5" attackFrequency="2" attackRange="30" attackArea="1" moveArea="1" attackType="1" armor="50" magicResistance="50" money="20" destoryCastleBlood="1" skinUrl="monster801.swf" introduction=""/>
	<monster name="" type="3" resID="802" camp="2" speed="2" height="32" maxBlood="150" attackDamage="10" attackFrequency="2" attackRange="30" attackArea="1" moveArea="1" attackType="1" armor="50" magicResistance="50" money="20" destoryCastleBlood="2" skinUrl="monster802.swf" introduction=""/>
	<monster name="" type="3" resID="803" camp="2" speed="1.5" height="32" maxBlood="250" attackDamage="30" attackFrequency="2" attackRange="30" attackArea="1" moveArea="1" attackType="1" armor="50" magicResistance="50" money="20" destoryCastleBlood="3" skinUrl="monster803.swf" introduction=""/>

</monsterConfig>