<towerConfig version="1.0">
	<tower name="Heal Tower" resID="111" effectResID="111" effectNum="5" effectCamp="1" level="1" height="40" intervalTime="8" levelUp="112" camp="1" buildTime="2" money="400" skinUrl="tower110.swf" introduction="A powerful prayer heals the friendly target's party members"/>
	<tower name="Heal Tower" resID="112" effectResID="112" effectNum="15" effectCamp="1" level="2" height="40" intervalTime="8" levelUp="113" camp="1" buildTime="2" money="600" skinUrl="tower110.swf" introduction="A powerful prayer heals the friendly target's party members"/>
	<tower name="Heal Tower" resID="113" effectResID="113" effectNum="30" effectCamp="1" level="3" height="40" intervalTime="7" levelUp="114" camp="1" buildTime="2" money="1000" skinUrl="tower110.swf" introduction="A powerful prayer heals the friendly target's party members"/>
	<tower name="Heal Tower" resID="114" effectResID="114" effectNum="45" effectCamp="1" level="4" height="40" intervalTime="7" levelUp="115" camp="1" buildTime="2" money="2000" skinUrl="tower110.swf" introduction="A powerful prayer heals the friendly target's party members"/>
	<tower name="Heal Tower" resID="115" effectResID="115" effectNum="60" effectCamp="1" level="5" height="40" intervalTime="6" levelUp="0" camp="1" buildTime="2" money="3200" skinUrl="tower110.swf" introduction="A powerful prayer heals the friendly target's party members"/>

	<tower name="Lightning Tower" resID="121" effectResID="121" effectNum="3" effectCamp="2" level="1" height="40" intervalTime="7" levelUp="122" camp="1" buildTime="2" money="600" skinUrl="tower120.swf" introduction="Casts a bolt of lightning at the single target"/>
	<tower name="Lightning Tower" resID="122" effectResID="122" effectNum="4" effectCamp="2" level="2" height="40" intervalTime="9" levelUp="123" camp="1" buildTime="2" money="1200" skinUrl="tower120.swf" introduction="Casts a bolt of lightning at the single target"/>
	<tower name="Lightning Tower" resID="123" effectResID="123" effectNum="6" effectCamp="2" level="3" height="40" intervalTime="12" levelUp="124" camp="1" buildTime="2" money="2400" skinUrl="tower120.swf" introduction="Casts a bolt of lightning at the single target"/>
	<tower name="Lightning Tower" resID="124" effectResID="124" effectNum="8" effectCamp="2" level="4" height="40" intervalTime="14" levelUp="125" camp="1" buildTime="2" money="4000" skinUrl="tower120.swf" introduction="Casts a bolt of lightning at the single target"/>
	<tower name="Lightning Tower" resID="125" effectResID="125" effectNum="9" effectCamp="2" level="5" height="40" intervalTime="14" levelUp="0" camp="1" buildTime="2" money="5800" skinUrl="tower120.swf" introduction="Casts a bolt of lightning at the single target"/>

	<tower name="Meteor Tower" resID="131" effectResID="131" effectNum="1" effectCamp="2" level="1" height="40" intervalTime="8" levelUp="132" camp="1" buildTime="2" money="800" skinUrl="tower130.swf" introduction="Calls down a fiery rain to burn enemies in the specified area"/>
	<tower name="Meteor Tower" resID="132" effectResID="132" effectNum="2" effectCamp="2" level="2" height="40" intervalTime="10" levelUp="133" camp="1" buildTime="2" money="1400" skinUrl="tower130.swf" introduction="Calls down a fiery rain to burn enemies in the specified area"/>
	<tower name="Meteor Tower" resID="133" effectResID="133" effectNum="4" effectCamp="2" level="3" height="40" intervalTime="12" levelUp="134" camp="1" buildTime="2" money="3000" skinUrl="tower130.swf" introduction="Calls down a fiery rain to burn enemies in the specified area"/>
	<tower name="Meteor Tower" resID="134" effectResID="134" effectNum="5" effectCamp="2" level="4" height="40" intervalTime="15" levelUp="135" camp="1" buildTime="2" money="4800" skinUrl="tower130.swf" introduction="Calls down a fiery rain to burn enemies in the specified area"/>
	<tower name="Meteor Tower" resID="135" effectResID="135" effectNum="6" effectCamp="2" level="5" height="40" intervalTime="18" levelUp="0" camp="1" buildTime="2" money="7000" skinUrl="tower130.swf" introduction="Calls down a fiery rain to burn enemies in the specified area"/>

	<tower name="Fire Tower" resID="211" effectResID="211" effectNum="3" effectCamp="1" level="1" height="40" intervalTime="8" levelUp="0" camp="2" buildTime="0" money="0" skinUrl="tower210.swf" introduction="Scorch the enemy for fire damage"/>
	<tower name="Fire Tower" resID="212" effectResID="212" effectNum="5" effectCamp="1" level="2" height="40" intervalTime="8" levelUp="0" camp="2" buildTime="0" money="0" skinUrl="tower210.swf" introduction="Scorch the enemy for fire damage"/>
	<tower name="Fire Tower" resID="213" effectResID="213" effectNum="7" effectCamp="1" level="3" height="40" intervalTime="8" levelUp="0" camp="2" buildTime="0" money="0" skinUrl="tower210.swf" introduction="Scorch the enemy for fire damage"/>
	<tower name="Fire Tower" resID="214" effectResID="214" effectNum="9" effectCamp="1" level="4" height="40" intervalTime="8" levelUp="0" camp="2" buildTime="0" money="0" skinUrl="tower210.swf" introduction="Scorch the enemy for fire damage"/>
	<tower name="Fire Tower" resID="215" effectResID="215" effectNum="9" effectCamp="1" level="5" height="40" intervalTime="8" levelUp="0" camp="2" buildTime="0" money="0" skinUrl="tower210.swf" introduction="Scorch the enemy for fire damage"/>

	<tower name="Frost Tower" resID="221" effectResID="221" effectNum="1" effectCamp="1" level="1" height="40" intervalTime="14" levelUp="0" camp="2" buildTime="0" money="0" skinUrl="tower220.swf" introduction="Targets in a cone in front of the caster take frost damage"/>
	<tower name="Frost Tower" resID="222" effectResID="222" effectNum="2" effectCamp="1" level="2" height="40" intervalTime="14" levelUp="0" camp="2" buildTime="0" money="0" skinUrl="tower220.swf" introduction="Targets in a cone in front of the caster take frost damage"/>
	<tower name="Frost Tower" resID="223" effectResID="223" effectNum="3" effectCamp="1" level="3" height="40" intervalTime="14" levelUp="0" camp="2" buildTime="0" money="0" skinUrl="tower220.swf" introduction="Targets in a cone in front of the caster take frost damage"/>
	<tower name="Frost Tower" resID="224" effectResID="224" effectNum="3" effectCamp="1" level="4" height="40" intervalTime="12" levelUp="0" camp="2" buildTime="0" money="0" skinUrl="tower220.swf" introduction="Targets in a cone in front of the caster take frost damage"/>
	<tower name="Frost Tower" resID="225" effectResID="225" effectNum="4" effectCamp="1" level="5" height="40" intervalTime="12" levelUp="0" camp="2" buildTime="0" money="0" skinUrl="tower220.swf" introduction="Targets in a cone in front of the caster take frost damage"/>

	<tower name="Dark Tower" resID="231" effectResID="231" effectNum="1" effectCamp="1" level="1" height="40" intervalTime="8" levelUp="0" camp="2" buildTime="0" money="0" skinUrl="tower230.swf" introduction="Enemy troops are disintegrated into fine dust"/>
	<tower name="Dark Tower" resID="232" effectResID="232" effectNum="2" effectCamp="1" level="2" height="40" intervalTime="10" levelUp="0" camp="2" buildTime="0" money="0" skinUrl="tower230.swf" introduction="Enemy troops are disintegrated into fine dust"/>
	<tower name="Dark Tower" resID="233" effectResID="233" effectNum="3" effectCamp="1" level="3" height="40" intervalTime="13" levelUp="0" camp="2" buildTime="0" money="0" skinUrl="tower230.swf" introduction="Enemy troops are disintegrated into fine dust"/>
	<tower name="Dark Tower" resID="234" effectResID="234" effectNum="4" effectCamp="1" level="4" height="40" intervalTime="17" levelUp="0" camp="2" buildTime="0" money="0" skinUrl="tower230.swf" introduction="Enemy troops are disintegrated into fine dust"/>
	<tower name="Dark Tower" resID="235" effectResID="235" effectNum="5" effectCamp="1" level="5" height="40" intervalTime="25" levelUp="0" camp="2" buildTime="0" money="0" skinUrl="tower230.swf" introduction="Enemy troops are disintegrated into fine dust"/>
</towerConfig>